Timestamp_ms,IMU1_AccX,IMU1_AccY,IMU1_AccZ,IMU1_GyroX,IMU1_GyroY,IMU1_GyroZ,IMU1_AngleX,IMU1_AngleY,IMU1_AngleZ,IMU2_AccX,IMU2_AccY,IMU2_AccZ,IMU2_GyroX,IMU2_GyroY,IMU2_GyroZ,IMU2_AngleX,IMU2_AngleY,IMU2_AngleZ,EMG1_RMS,EMG2_RMS,ADC1_Pressure,ADC2_Pressure
5100,0.092,-0.987,0.028,-0.011,0,0.011,-87.86,-5.45,-47.53,0,0.21,-0.98,0,0,0,167.61,-0.18,67.12,9.19,3.32,841,1648
5200,0.09,-0.986,0.026,0,0,0,-88.02,-5.54,-48.27,0,0.211,-0.98,0,0,0,167.6,-0.18,67.15,9.32,4.8,870,1576
5300,0.09,-0.986,0.025,0,0,0.012,-88.1,-5.56,-49.03,0,0.21,-0.979,0,0,0.01,167.59,-0.16,67.15,9.45,5.04,873,1576
5400,0.089,-0.986,0.024,0,0,0,-88.14,-5.54,-49.67,0,0.21,-0.98,0,0,0,167.59,-0.15,67.15,9.27,5.3,887,1565
5500,0.09,-0.987,0.022,0,0,0.011,-88.01,-5.33,-48.89,0,0.21,-0.98,0,0,0.01,167.61,-0.21,67.19,9.03,5.23,872,1572
5600,0.087,-0.987,0.023,0,0,0,-88.02,-5.29,-49.03,0,0.21,-0.98,0,0,0.01,167.63,-0.23,67.2,8.85,5.23,852,1602
5700,0.089,-0.988,0.025,0.011,0,0,-88.05,-5.3,-49.22,0,0.21,-0.98,0,0,0,167.62,-0.2,67.17,7.84,4.92,889,1676
5800,0.086,-0.991,0.014,0,0,0.018,-88.13,-5.24,-49.37,0.002,0.209,-0.98,0,0,0,167.63,-0.21,67.19,7.87,4.92,814,1262
5900,0.099,-0.982,0.028,0.094,-0.072,0,-87.8,-5.03,-48.13,0.002,0.21,-0.981,0.024,0,0,167.68,-0.23,67.25,7.92,5.36,552,1351
6000,0.086,-0.98,0.037,0.153,-0.046,0.099,-87.29,-4.91,-47.96,0,0.208,-0.98,0,0,0,167.75,-0.25,67.28,5.56,6.75,531,1748
6100,0.064,-0.985,0.063,0.292,-0.085,0.279,-84.99,-3.05,-44.25,0,0.207,-0.98,0,0,0.015,167.77,-0.22,67.22,4.67,6.63,546,2092
6200,0.012,-0.989,0.108,0.128,-0.07,0.294,-80.49,0.79,-34.98,-0.002,0.208,-0.984,0.02,-0.025,0.013,167.86,-0.13,67.12,4.16,6.63,820,2081
6300,-0.014,-0.985,0.129,0.109,0.042,0.25,-78.78,2.52,-30.34,-0.002,0.206,-0.981,0.015,-0.015,0.01,167.94,-0.08,67.1,3.9,8.6,1066,1765
6400,-0.03,-0.984,0.129,0.017,0.102,0.206,-77.84,3.87,-25.02,0,0.201,-0.979,0.017,-0.029,0,168.08,0,67.09,4.3,8.39,1371,1532
6500,-0.044,-0.991,0.129,-0.035,0.175,0.319,-77.92,4.88,-22.66,-0.007,0.2,-0.977,0,-0.055,0.01,168.11,0.21,67.04,4.8,8.81,1938,339
6600,-0.086,-1.027,0.101,-0.422,0.222,0.477,-79.55,7.26,-19.61,-0.013,0.205,-0.983,0,-0.074,0.01,168.07,0.59,66.94,7.91,8.87,2544,126
6700,-0.109,-1.047,0.051,-0.949,0.165,0.641,-83.86,8.93,-18.53,-0.022,0.203,-0.987,0.068,-0.109,-0.138,168.34,0.93,67.23,7.91,9.89,2152,124
6800,-0.048,-1.177,-0.006,-0.371,-0.188,1.355,-87.52,11.86,-18.22,-0.049,0.188,-0.976,-0.434,-0.191,-0.12,167.69,2.06,68.03,7.94,9.91,120,164
6900,-0.215,-1.127,0.208,-0.019,0.276,1.793,-87.05,16.33,-17.31,-0.092,0.174,-1.087,-1.708,-0.089,0.1,164.21,3.36,68.18,7.84,9.66,112,126
7000,0.02,-0.749,-0.04,-0.02,0.977,1.245,-86.36,24.91,-17.23,0.046,0.207,-1.712,-5.501,0.194,2.036,143.01,-2.33,63.11,7.48,8.79,121,124
7100,0.194,-0.617,-0.013,-0.092,-0.054,-0.771,-88.23,11.49,-18.72,-0.228,-0.163,-0.941,1.105,-0.181,-0.106,155.9,3.02,60.76,7.42,8.88,125,125
7200,-0.066,-1.285,-0.049,0.201,0.109,-3.015,-88.66,-14.37,-13.97,-0.026,0.434,-1.161,2.879,-0.437,-0.036,-177.97,5.72,60.94,7.42,8.22,115,122
7300,-0.125,-1.285,-0.104,0.183,-0.379,-2.785,-89.72,-19.46,-12.07,-0.113,0.415,-1.234,2.31,-0.67,-0.774,-175.49,7.98,61.75,7.42,5.97,123,54
7400,-0.085,-1.115,-0.104,-0.094,-0.259,-2.056,-85.95,-11.89,-21.18,0.043,0.437,-0.928,1.78,-0.117,-0.458,-176.31,2.85,65.66,7.09,5.97,120,124
7500,-0.09,-1.02,-0.03,0.029,-0.451,-0.868,-84.91,0.52,-24.44,0.005,0.449,-0.775,0.693,-0.127,-0.617,177.35,1.94,68.53,6.75,5.58,120,130
7600,0.586,-1.038,-0.264,0.265,0.479,0.825,-80.43,10.35,-26.68,-0.132,0.055,-1.33,-2.376,0.398,0.19,155.91,-3.22,72.44,2.53,5.69,122,1023
7700,0.34,-0.92,-0.054,0.507,-0.171,0.921,-79.18,10.66,-29.06,-0.029,0.104,-1.14,-1.352,-0.184,0.075,155.28,-3.28,73.34,2.59,3.59,121,2811
7800,0.146,-0.952,-0.071,0.091,0.077,0.96,-75.71,11.36,-32.87,0.12,0.165,-1.143,-0.333,0.355,0.12,158.6,-3.52,73.97,2.49,3.66,389,4090
7900,0.244,-0.964,0.056,0.208,-0.106,0.932,-74.93,10.22,-37.58,0,0.151,-0.988,-0.45,-0.062,0.052,161.37,-3.13,73.63,3.91,3.99,828,3652
8000,0.103,-0.98,0.07,0.584,0.2,0.997,-76.93,8.29,-41.25,-0.001,0.208,-0.997,-0.161,-0.096,0.03,163.06,-1.9,73.3,6.99,4.46,1201,1999
8100,0.032,-0.983,0.13,0.422,0.24,0.826,-77.37,7.93,-39.75,-0.012,0.212,-0.988,-0.072,-0.123,0.025,164.47,-0.9,73.17,8.63,4.56,1947,520
8200,-0.047,-1.037,0.126,-0.164,0.186,0.608,-78.01,9.16,-26.46,-0.02,0.212,-0.97,0.025,-0.09,-0.043,166.27,0.43,73.31,9.67,5.66,2736,125
8300,-0.108,-1.02,0.112,-0.498,0.135,0.814,-79.98,10.92,-22.8,-0.038,0.213,-0.987,0.029,-0.054,-0.093,166.91,1.01,73.74,10.49,9.44,2217,123
8400,-0.151,-1.194,0.142,0.098,0.251,1.058,-83.07,14.29,-21.08,-0.053,0.213,-0.98,-0.231,-0.022,-0.086,166.73,1.49,74.62,10.95,10.71,212,123
8500,-0.086,-1.26,-0.056,-0.219,0.257,1.741,-84.25,16.28,-19.48,-0.058,0.2,-0.968,-0.994,-0.287,0.043,164.73,2.4,74.77,10.95,10.55,129,122
8600,-0.295,-0.958,0.175,0.39,0.435,1.978,-81.98,25.08,-18.45,-0.047,0.371,-1.061,-6.781,0.369,0.872,144.11,1.39,72.9,10.92,10.33,126,124
8700,0.504,-0.481,-0.038,-0.148,1.487,-0.205,-82.22,18.86,-20.7,-0.314,-0.282,-1.268,1.361,-0.275,1.376,139.93,-0.53,66.04,10.9,10.45,121,126
8800,0.049,-0.983,-0.127,0.184,0.019,-3.082,-87.86,-6.16,-17.31,0.022,0.347,-0.991,3.916,-0.525,0.064,169.6,3.99,63.22,10.93,10.4,120,168
8900,-0.19,-1.293,-0.048,-0.028,0.323,-3.558,-89.2,-14.38,-15.52,0.092,0.64,-1.186,3.861,-0.443,-0.028,178.03,4.66,62.29,10.46,10.3,135,205
9000,-0.219,-1.253,-0.035,0.147,-1.002,-3.02,-91.55,-21.4,-12.41,-0.161,0.638,-1.158,2.76,-0.699,-1.463,-176.61,9.15,64,8.58,10.06,122,125
9100,-0.252,-1.217,-0.097,-0.115,-1.07,-2.216,-100.63,-30.13,-12.68,0,0.617,-1.049,1.894,-0.187,-1.277,-177.67,5.82,69.62,7.19,10.06,122,126
9200,0.348,-1.022,-0.275,0.276,-0.351,1.391,-94.74,-6.96,-60.68,0.033,0.089,-1.21,-2.142,-0.104,0.043,154.75,-1.63,77.84,5.74,9.63,124,2293
9300,0.218,-1.039,0.036,0.411,-0.186,0.812,-90.32,-3.46,-78.83,-0.066,0.195,-1.192,-1.398,-0.079,0.091,154.11,-0.72,78.51,4.21,5.93,118,4089
9400,0.174,-1.016,-0.038,0.321,-0.2,0.861,-87.44,-3.59,-95.01,0.051,0.155,-1.048,-0.361,0.308,0.133,158.85,-2.58,79.5,3.75,3.48,687,3999
9500,0.117,-1.01,0.016,0.308,0.169,0.621,-86.69,-2.8,-98.23,0.022,0.197,-0.999,-0.599,-0.099,0.087,160.24,-2.85,79.18,3.95,6.66,1214,2073
9600,0.058,-0.985,0.086,0.363,0.152,0.367,-84.7,0.89,-95.55,-0.001,0.221,-0.988,-0.051,-0.126,0,162.52,-1.43,78.94,6.41,7.1,1911,502
9700,0.05,-0.988,0.117,0.25,0.111,0.427,-82.75,4.15,-91.32,-0.011,0.22,-0.98,-0.04,-0.093,0,163.95,-0.72,78.99,17.35,7.1,2329,128
9800,0.024,-1.048,0.113,-0.022,0.266,0.736,-80.32,10.69,-85,-0.012,0.211,-0.969,0.019,-0.094,0,165.37,0.11,79.06,17.67,8.37,2796,124
9900,-0.044,-1.041,0.072,-0.58,0.197,0.859,-81.19,15.62,-80.73,-0.026,0.22,-0.983,0.063,-0.101,-0.108,166.19,0.66,79.41,19.49,9.76,2216,123
10000,-0.126,-1.119,-0.016,0.471,0.302,1.266,-81.33,22.12,-75.25,-0.042,0.218,-0.976,-0.213,-0.046,-0.088,166.34,1.4,80.27,19.48,9.78,170,121
10100,0.015,-1.245,-0.054,-0.112,0.476,1.844,-81.26,25.79,-71.57,-0.073,0.216,-0.958,-0.824,-0.298,0.02,164.67,2.4,80.59,19.39,9.7,120,123
10200,0.539,-0.587,0.169,-0.361,-0.075,-0.274,-78.43,27.11,-62.21,-0.018,-0.313,-0.924,1.648,-0.253,0,150.54,2.18,77.06,19.39,9.51,128,165
10300,0.018,-0.908,-0.137,-0.222,0.784,-2.205,-79.15,12.97,-56.52,-0.09,0.199,-1.045,2.906,0.123,1.291,168.69,-1.04,73.76,19.36,9.53,125,126
10400,-0.157,-1.249,-0.134,0.099,0.073,-3.03,-82.03,-2.16,-50.76,0.059,0.473,-1.184,3.105,-0.38,-0.042,-177.37,3.76,71.14,19.19,9.42,126,124
10500,-0.132,-1.272,-0.002,0.047,0.102,-2.771,-83.8,-9,-48.34,0.009,0.465,-1.233,2.629,-0.239,0.115,-174.26,2.72,70.71,19.16,7.61,120,125
10600,-0.1,-1.163,-0.04,0.265,-0.869,-2.397,-85.76,-14.66,-55.9,-0.093,0.403,-1.098,1.874,-0.476,-0.886,-173.5,6.04,72.56,18.49,7.2,124,124
10700,-0.136,-1.029,0.042,0,-0.053,-1.528,-87.48,-5.98,-65.05,0.264,0.458,-0.883,1.34,-0.392,-0.51,-176.76,2.72,76.38,9.06,7.04,126,126
10800,-0.02,-0.948,0.135,0.51,-0.256,0.794,-87.34,9.52,-73.49,-0.177,0.49,-0.238,-0.792,0.113,-0.381,166.82,4.12,77.28,8.38,5.55,122,130
10900,-0.072,-1.292,-0.264,0.852,-1.24,1.41,-87.93,10.59,-73.66,0.52,0.377,-1.663,-2.77,0.106,-0.252,158.68,-2.16,80.25,1.76,2.3,143,3340
11000,0.088,-1.042,0.07,0.136,0.784,1.05,-84.25,10.77,-79.76,-0.049,0.234,-1.323,-1.33,0.018,0.056,155.81,0.19,79.85,1.84,2.41,121,4087
11100,0.188,-0.934,0.067,0.14,-0.044,0.823,-84.63,6.72,-81.98,0.001,0.151,-1.021,-0.206,0.156,0.059,158.9,-0.46,80.19,9.04,2.24,634,3797
11200,0.086,-0.991,0.068,0.494,0.089,0.94,-84.32,2.59,-72.71,0.012,0.231,-1.004,-0.314,-0.199,0.012,162.09,-1.09,78.71,9,3.61,1849,1120
11300,0.044,-0.994,0.092,0.349,0.103,0.623,-82.05,4.92,-64.65,0.001,0.235,-0.98,-0.09,-0.104,0.011,162.78,-0.1,78.32,8.98,8.96,2292,158
11400,0.008,-1.051,0.082,-0.085,0.21,0.712,-79.14,8.49,-52.72,-0.003,0.224,-0.96,0.011,-0.12,-0.02,164.17,0.79,78.01,10.81,11.13,2509,132
11500,-0.057,-1.04,0.076,-0.591,0.142,0.875,-80.67,11.17,-46.97,-0.024,0.234,-0.979,0.089,-0.126,-0.14,165.12,1.49,78.19,11.79,12.44,2050,127
11600,-0.146,-1.071,0.033,0.762,0.101,1.046,-81.45,15.41,-41.06,-0.04,0.236,-0.979,-0.225,-0.056,-0.079,165.23,2.44,78.71,11.97,12.9,136,123
11700,0.016,-1.275,0.108,-0.237,1.074,1.771,-81.47,17.92,-38.42,-0.07,0.243,-0.955,-0.639,-0.227,0,163.72,3.16,78.84,11.97,12.96,121,127
11800,-0.369,-1.006,0.173,0.184,0.322,2.152,-79.39,27.89,-33.8,-0.136,0.331,-1.243,-6.367,1.018,0.658,147.93,1.73,77.9,11.96,12.92,122,125
11900,0.427,-0.477,0.016,-0.131,1.556,-0.015,-80.62,26.22,-34.04,-0.338,0.033,-1.742,0.541,-0.393,1.14,132.71,-1.88,73.2,12.09,12.98,120,126
12000,0.067,-0.913,-0.085,0.06,0.191,-2.635,-85.05,1.75,-28.66,0.06,0.287,-1.121,3.432,-0.262,0.335,165.66,0.8,70.6,12.11,12.95,126,124
12100,-0.169,-1.245,-0.071,0.054,0.387,-3.304,-87.26,-8.54,-26.59,0.102,0.565,-1.236,3.611,-0.557,0.135,176.08,1.87,69.14,8.32,13.19,121,125
12200,-0.11,-1.178,-0.118,0.25,-0.485,-2.633,-87.47,-20.44,-35.02,0.102,0.445,-1.119,2.313,-0.788,-0.657,-174.55,4.62,70.95,8.32,13.02,122,125
12300,-0.259,-1.083,0.02,0.025,-0.658,-1.651,-87.36,-10.31,-47.27,0.109,0.648,-0.759,1.526,-0.21,-0.693,-177.94,2.18,74.29,8.46,10.14,123,126
12400,1.214,-1.281,-0.657,0.013,0.322,1.18,-84.55,12,-55.56,0.069,-0.216,-1.062,-3.044,0.588,-0.367,155.86,-0.69,79.75,6.16,9.54,123,1214
12500,0.385,-0.813,0.075,0.401,0.591,1.48,-84.25,15.91,-59.93,-0.307,0.009,-0.95,-1.964,-0.172,-0.096,152.55,-0.57,81.06,3.95,9.01,128,3524
12600,0.322,-0.959,0.071,0.381,-0.173,1.056,-80.8,14.21,-66.14,0.064,0.145,-0.982,-0.348,0.493,0.152,154.11,-3.21,83.22,3.41,9.42,1000,3658
12700,0.109,-1.009,0.058,0.521,0.28,0.861,-81.67,11.74,-68.26,0.043,0.252,-1.071,-0.433,-0.132,0.092,157.04,-3.65,82.33,5.59,10.2,1634,1572
12800,0.073,-0.996,0.102,0.414,0.204,0.589,-80.89,8.91,-64.44,0.021,0.206,-0.971,-0.116,-0.201,0,161.15,-2.32,81.71,6.93,12.53,2135,150
12900,0.021,-1.014,0.109,0.246,0.132,0.679,-79.44,8.85,-58.73,0,0.221,-0.976,-0.089,-0.236,-0.03,162.72,-1,81.56,9.19,12.94,2614,129
13000,-0.041,-1.022,0.11,-0.692,0.269,0.723,-80.8,11.08,-50.91,-0.027,0.221,-0.986,0.067,-0.104,-0.103,164.85,0.44,81.98,9.4,17.87,2346,124
13100,-0.094,-1.074,0.126,0.192,0.157,0.927,-83,13.38,-46.99,-0.032,0.222,-0.982,-0.108,-0.049,-0.083,165.5,0.95,82.47,13.32,18.09,892,123
13200,-0.201,-1.314,0.082,0,0.247,2.339,-83.05,22.13,-39.6,-0.02,0.105,-1.125,-1.706,-0.255,0.024,162.94,2.83,82.91,13.32,18.09,121,126
13300,-0.502,-0.872,0.135,-0.012,0.014,2.051,-80.35,30.29,-34.83,-0.092,0.296,-1.223,-7.463,1.373,0.521,146.71,0.59,82.76,13.23,18.14,126,58
13400,0.128,-0.579,-0.112,-0.095,0.28,-1.126,-85.6,12.47,-34.53,-0.592,-0.147,-0.882,1.525,-0.196,0.706,152.75,0.33,74.6,13.14,17.22,122,125
13500,-0.052,-0.926,-0.058,0.269,-0.445,-2.891,-85.57,-0.6,-29.8,0.205,0.41,-1.059,3.555,-0.737,-0.09,168.63,2.2,74.48,13.17,16.56,120,118
13600,-0.115,-1.285,-0.029,0.123,0.245,-3.191,-87.8,-8.56,-28.41,-0.02,0.617,-1.131,3.421,-0.334,0.311,179.73,1.46,72.36,13.14,15.97,121,123
13700,-0.152,-1.268,-0.076,0.329,-0.615,-2.957,-89.54,-18.49,-28.86,-0.083,0.509,-1.226,2.713,-0.726,-0.872,-176.48,4.7,73.28,12.37,15.49,124,125
13800,-0.151,-1.135,-0.055,-0.062,0,-2.031,-90.27,-20.59,-36.6,0.157,0.479,-0.964,1.949,-0.255,-0.281,-176.39,0.01,78.07,11.69,13.69,121,126
13900,-0.234,-0.996,0,0.071,-0.304,-0.563,-90.29,-8.15,-61.65,-0.12,0.579,-0.64,0.777,-0.154,-0.322,176.25,0.37,79.41,10.01,13.48,121,125
14000,0.204,-1.053,0.032,0.336,-0.943,1.361,-86.53,6.24,-71.74,0.177,-0.121,-0.937,-3.396,0.487,-0.385,156.25,-0.5,84.84,9.81,5.58,120,2171
14100,0.225,-0.879,0.256,0.906,-0.2,1.154,-85.6,7.94,-84.39,-0.066,0.096,-0.99,-2.145,-0.135,-0.079,151.99,-1.15,85.6,2.95,4.14,131,3951
14200,0.135,-0.993,0.007,0.166,0.102,0.679,-85.48,5.16,-88.68,0.091,0.265,-1.055,0.014,-0.257,0.144,156.54,-4.66,86.08,5.85,5.28,1680,2278
14300,0.097,-0.986,0.056,0.297,0.148,0.532,-85.11,4.91,-85.1,0.055,0.212,-0.988,0.03,-0.156,0.021,160.38,-3.71,85.19,5.87,5.05,2224,633
14400,0.028,-0.998,0.062,0.2,0.186,0.718,-83.66,6.27,-80.63,0.029,0.211,-0.98,-0.038,-0.221,0,163.83,-2.01,84.55,14.52,5.13,3109,123
14500,0.011,-1.039,0.073,-0.057,0.229,0.844,-82.05,10.81,-73.53,0.016,0.206,-0.97,-0.019,-0.198,-0.027,165.01,-1.1,84.41,15.24,6.77,4086,122
14600,-0.08,-1.053,0.053,-0.527,0.164,0.959,-82.39,14.1,-69.21,-0.01,0.212,-0.991,-0.03,-0.1,-0.11,166.23,0.13,84.74,21.07,6.92,3023,122
14700,-0.13,-1.052,0.094,-0.233,0.071,1.175,-82.33,19.72,-62.95,-0.019,0.218,-0.981,-0.183,-0.023,-0.129,166.13,0.57,85.3,21.08,6.92,914,125
14800,-0.075,-1.256,0.023,-0.208,0.553,2.122,-82.72,23.21,-58.97,-0.016,0.153,-0.968,-1.453,-0.536,0.126,163.49,2.04,85.47,21.13,6.9,122,122
14900,-0.526,-0.927,0.134,0.086,-0.213,2.003,-80.35,32.94,-51.94,-0.039,0.264,-1.237,-6.818,0.281,0.485,148.35,2.15,84.1,21.05,6.42,121,127
15000,0.139,-0.66,0.035,-0.4,0.584,-0.965,-77.92,24.19,-49.37,0.183,-0.103,-0.921,1.35,0.197,1.014,153.19,0.89,81.37,21.07,6.32,124,126
15100,0.037,-0.924,-0.112,0.029,0.671,-2.41,-82.47,4.53,-46.13,-0.416,0.228,-0.97,3.139,-0.085,0.704,167.65,2.7,77.2,21.01,6.57,120,128
15200,-0.114,-1.248,-0.152,0.336,-0.138,-2.868,-85.73,-13.08,-42.8,-0.125,0.496,-1.289,2.75,-0.501,-0.104,-175.05,4.1,74.32,20.39,5.38,155,126
15300,-0.129,-1.166,-0.049,0.141,-0.444,-2.503,-88.24,-17.6,-50.63,0.137,0.454,-1.112,2.23,-0.459,-0.74,-173.96,3.93,77.06,20.39,5.4,125,125
15400,-0.294,-0.983,-0.015,0.098,-0.551,-0.794,-88.53,-10.05,-60.99,-0.041,0.627,-0.648,0.869,-0.061,-0.428,178.01,1.98,79.94,15.48,5.36,122,126
15500,0.023,-1.175,0.548,1.005,-0.18,0.953,-84.64,9.92,-68.7,0.57,0.947,0.203,-2.428,0.982,0.247,159.66,-3.15,82.78,14.74,3.02,122,640
15600,0.249,-0.872,0.176,1.298,-0.085,1.078,-88.07,11.28,-73.91,0.035,0.125,-1.016,-1.942,-0.305,-0.023,152.43,-2.83,82.13,2.45,3.19,120,3978
15700,0.232,-0.95,0.039,-0.162,0.613,1.145,-83.8,8.92,-79.09,0.031,0.255,-1.161,-0.361,0.416,0.118,152.31,-1.7,82.69,4.21,3.08,206,4087
15800,0.133,-0.987,0.029,0.119,0.029,0.664,-84.72,5.43,-77.57,0.033,0.18,-1.024,-0.127,0.12,0.055,159.18,-3.32,82.87,4.65,4.88,1322,2916
15900,0.106,-0.988,0.063,0.21,0.017,0.496,-84.57,3.46,-72.2,0.026,0.168,-0.98,-0.177,-0.038,0.027,162.22,-3.11,82.68,5.77,5.36,1945,2072
16000,0.059,-1.003,0.077,0.158,0.059,0.626,-83.87,3.71,-67.9,0,0.214,-0.993,-0.131,-0.162,0,163.86,-1.53,82.41,5.77,5.47,2924,628
16100,0.01,-1.005,0.088,0.087,0.257,0.642,-81.55,6.74,-60.48,-0.005,0.215,-0.987,-0.054,-0.083,0.021,164.85,-0.88,82.39,10.56,5.14,3855,130
16200,-0.108,-1.038,0.043,-0.634,0.312,0.992,-83.45,13.75,-52.03,-0.019,0.209,-0.991,0.037,-0.066,-0.074,167.02,0.1,82.64,11.12,6.57,4082,124
16300,-0.163,-1.068,0,-0.316,0.334,1.116,-83.57,18.7,-47.95,-0.021,0.206,-0.984,-0.118,-0.017,-0.11,167.17,0.41,83.21,11.1,6.61,2204,129
16400,-0.036,-1.328,-0.103,-0.409,0.92,1.781,-85.13,21.15,-45.04,0.017,0.085,-1.024,-2.543,-0.461,0.156,163.3,1.25,83.7,11.12,6.59,124,125
16500,-0.294,-0.933,0.153,0.077,-0.235,2.045,-80.09,29.96,-36.11,-0.029,-0.141,-1.637,-7.217,-1.666,-0.218,145.61,4.93,81.66,11.18,6.86,121,125
16600,0.326,-0.517,0.114,-0.432,0.019,-0.515,-78.05,15.94,-33.26,-0.187,-0.118,-1.193,1.751,0.648,0.863,159.1,4.88,81.56,11.17,6.62,136,125
16700,0.04,-1.018,-0.03,-0.259,0.319,-3.078,-83.61,-4.98,-32.61,-0.117,0.295,-1.172,3.513,0.356,0.539,174.85,4.69,79.65,10.63,6.56,123,126
16800,-0.132,-1.284,-0.158,0,0.484,-3.636,-86.65,-15.22,-33.69,-0.045,0.572,-1.318,3.538,-0.308,0.174,-173.02,4.66,75.46,10.37,5.5,125,124
16900,-0.225,-1.291,-0.127,0.155,-0.229,-3.008,-89.56,-22.77,-42.3,-0.128,0.594,-1.055,2.925,-0.765,-0.532,-170.51,5.97,75.48,9.78,5.03,171,127
17000,-0.231,-1.157,-0.104,0.047,-0.788,-1.962,-90.47,-16.88,-56.65,0.004,0.615,-0.676,1.029,-0.073,-0.839,-178.29,3.51,80.5,9.7,4.88,120,125
17100,-0.197,-1.033,0.204,0.266,-0.131,0.686,-89.22,6.01,-72.46,-0.053,0.632,-0.57,-0.512,0.058,-0.29,167.79,1.53,83.52,3.96,4.88,123,125
17200,0.276,-1.004,0.058,0.542,-0.345,0.975,-86.41,9.25,-85.24,-0.093,0.166,-1.188,-1.414,0.046,0.053,155.03,1.47,85.66,2.12,2.92,110,4088
17300,0.211,-0.916,0.06,0.259,0.102,0.927,-86.03,6.11,-92.1,-0.021,0.115,-1.014,-0.129,0.213,0.026,158.65,0.39,86.47,2.47,4.2,556,3810
17400,0.175,-0.961,0.032,0.162,0.181,0.713,-86.31,3.88,-92.31,-0.015,0.168,-1.006,-0.471,0,0.026,162.77,-0.42,86.87,3.05,4.23,1516,2273
17500,0.11,-0.986,0.046,0.142,0.079,0.61,-86.05,2.72,-88.49,-0.015,0.206,-1.008,-0.317,-0.028,0.037,163.25,-0.17,86.84,3.36,3.9,2549,700
17600,-0.001,-1.001,0.026,0.12,0.063,0.726,-84.71,3.69,-84.52,-0.012,0.218,-0.995,-0.042,0.052,0.099,164.52,-0.14,86.72,3.48,3.85,2778,160
17700,-0.069,-1.007,0.05,-0.092,0.225,0.992,-85.31,11.02,-76.63,-0.009,0.217,-0.987,-0.062,-0.038,0.037,165.34,-0.19,86.62,6.11,3.95,3176,123
17800,-0.106,-1.063,-0.012,-0.553,0.355,0.81,-86.12,14.58,-72.93,-0.014,0.217,-0.976,0.07,-0.103,-0.074,166.22,0.32,86.79,6.96,4.06,3101,125
17900,-0.11,-1.181,-0.058,0.518,0.46,1.087,-90.34,19.49,-68.41,-0.029,0.208,-0.992,-0.071,-0.068,-0.102,166.79,0.94,87.31,6.96,5.15,803,125
18000,0.17,-1.377,-0.354,0.564,-1,1.656,-84.42,21.04,-61.78,-0.023,0.087,-1.029,-1.649,-0.556,0.153,164.03,2.88,87.57,7.02,5.15,122,125
18100,-0.353,-0.747,0.055,-0.039,-0.188,1.743,-81.23,33.75,-53.83,0.014,0.172,-1.327,-7.279,0.105,0.979,145.24,1.78,84.78,7.08,5.15,121,126
18200,0.026,-0.771,0.038,-0.401,0.159,-2.214,-81.84,7.27,-44.49,-0.155,0.31,-1.104,3.339,0.397,0.34,171.72,2.27,86.96,7.04,4.99,120,126
18300,-0.058,-1.29,-0.01,-0.059,-0.011,-3.2,-86.35,-10.08,-42.71,-0.156,0.489,-1.198,3.488,-0.038,-0.093,-178.59,3.63,86.29,6.99,3.91,121,128
18400,-0.078,-1.312,-0.048,0.201,-0.172,-3.011,-87.98,-18.1,-45.14,0.014,0.428,-1.268,2.646,-0.797,-0.678,-172.26,6.46,88.28,6.74,3.86,122,126
18500,-0.09,-1.137,-0.104,-0.085,0.325,-2.225,-90.07,-18.66,-65.65,0.141,0.412,-1.077,2.003,-0.466,-0.135,-172.63,4.3,89.32,6.53,3.86,124,126
18600,-0.172,-1.028,-0.061,0.046,0.178,-1.084,-92.62,-7.94,-79.65,-0.106,0.518,-0.688,0.474,-0.038,-0.171,177.18,5.59,87.28,6.59,3.87,124,126
18700,0.882,-1.212,-0.531,0.543,-0.564,0.71,-90.48,6.04,-85.16,0.169,0.121,-0.889,-2.343,1.031,0.268,159.12,2.36,86.81,4.27,5.12,122,513
18800,0.398,-0.911,0.024,0.341,0.287,1.296,-92.22,7.19,-88.89,0.009,0.102,-1.055,-1.583,0.074,0.02,155.64,1.35,86.34,2.77,4.91,118,3396
18900,0.352,-0.975,0.029,-0.172,0.151,1.048,-87.55,6.72,-92.92,0,0.132,-1.125,-0.297,0.483,0.076,156.9,0.91,85.97,4.7,4.21,322,4095
19000,0.25,-0.972,0.086,0.199,-0.02,1.031,-87.23,5.41,-94.3,0.023,0.206,-1.017,-0.819,0.148,0.104,160.21,-1.35,85.64,7.32,4.48,544,3352
19100,0.087,-0.98,0.086,0.622,0.218,0.939,-84.57,4.06,-93.01,0.019,0.217,-0.989,-0.225,-0.089,0.022,160.9,-1.12,85.05,8.19,4.65,760,2334
19200,-0.016,-0.987,0.166,0.425,0.168,0.687,-79.57,4.57,-78.1,-0.005,0.231,-0.979,0,-0.083,0.013,163.92,0.54,84.04,11.82,6.42,1618,129
19300,-0.069,-1.044,0.136,-0.471,0.372,0.683,-78.55,9.17,-63.19,-0.003,0.225,-0.964,0.044,-0.1,-0.039,164.82,0.89,83.92,12.7,6.99,1834,143
19400,-0.125,-1.027,0.129,-1.145,0.297,0.728,-81.51,12.64,-56.18,-0.025,0.219,-0.991,-0.036,-0.058,-0.119,166.04,1.71,84.37,12.83,8.45,1153,128
19500,-0.062,-1.134,0.125,-0.245,0.159,1.054,-84.44,17.04,-50.73,-0.042,0.228,-0.976,-0.241,-0.056,-0.086,165.62,2.09,84.81,12.83,8.42,115,125
19600,-0.159,-1.2,0.091,-0.311,0.677,1.789,-84.36,19.62,-48.22,-0.089,0.146,-1.211,-3.028,-0.113,0.583,160.55,3.7,83.94,12.77,8.47,121,127
19700,-0.351,-0.783,0.066,0.104,0.445,1.638,-81.01,31.8,-42.7,0.113,0.373,-1.103,-6.909,0.572,1.561,139.1,-1.25,81.47,12.76,7.72,122,126
19800,0.157,-0.518,-0.019,-0.223,0.124,-0.207,-84.66,22.25,-43.76,-0.045,0.074,-0.925,1.172,-0.211,-0.144,151.44,2.29,76.97,12.73,7.7,126,131
19900,-0.212,-0.896,-0.185,-0.419,-0.817,-2.139,-88.48,9.62,-34.76,-0.054,0.429,-0.857,2.827,-0.084,-0.487,164.12,2.82,77.95,12.16,7.47,124,123
20000,-0.211,-1.12,-0.022,-0.525,-0.882,-2.57,-90.89,2.55,-30.22,-0.279,0.557,-1.061,2.774,0.431,-1.14,173.81,3.95,83.76,10.78,7.54,123,125
20100,-0.17,-1.242,0.143,-0.217,-1.85,-2.401,-93.66,-8.52,-27.7,-0.314,0.551,-1.14,2.201,0.088,-2.073,177.32,7.26,91.15,10.09,7.54,124,125
20200,-0.316,-1.09,0.14,0.373,-0.478,-1.118,-86.75,-7.45,-47.76,0.067,0.613,-0.939,-0.036,-0.363,-0.415,164.93,6.13,108.81,5.39,6.18,123,114
20300,-0.079,-0.948,-0.108,0.35,-0.861,-0.324,-84.96,2.33,-63.17,-0.233,0.439,-0.932,0.08,-0.045,-0.559,160.34,6.55,110.63,2.74,5.71,126,124
20400,-0.046,-1.184,0.044,0.853,-2.156,0.378,-84.36,4.3,-63.64,1.288,0.587,-1.911,-1.712,0.594,-0.307,149,6.16,118.2,2.07,3.32,120,1095
20500,0.256,-1.061,-0.069,0.225,-0.1,0.443,-85.34,3.44,-70.89,0.023,0.145,-1.013,-0.415,0.243,0.087,154.52,3.29,118.82,1.95,3.32,480,2201
20600,0.305,-1.009,0.083,0.657,0.61,0.544,-86.01,0.98,-76.41,-0.03,0.177,-0.959,-0.356,-0.07,0.066,159.06,1.58,119.4,3.44,3.87,1636,1812
20700,0.149,-1.012,0.048,0.319,-0.241,0.627,-84.23,-0.58,-78.1,-0.008,0.223,-1.005,-0.119,0,0.094,160.93,0.67,119.65,3.92,3.87,2450,1014
20800,0.036,-0.982,0.044,0.544,-0.038,0.794,-83.58,1.52,-77.46,-0.011,0.227,-0.976,-0.058,-0.035,0.018,162.62,0.21,120.06,4.4,3.97,2624,275
20900,-0.007,-0.974,0.13,0,-0.173,0.251,-82.44,2.33,-74.19,-0.016,0.23,-0.977,-0.022,-0.013,0,163.54,0.04,120.58,4.49,4.39,2327,149
21000,-0.005,-0.98,0.094,-0.256,-0.093,-0.024,-83.27,1.9,-72.21,-0.012,0.23,-0.975,-0.015,0.018,0,164.4,-0.2,121.33,4.57,3.96,2014,342
21100,0.01,-0.994,0.068,-0.24,-0.112,-0.026,-85.24,0.67,-70.44,-0.011,0.233,-0.976,0,0.025,0.012,164.8,-0.32,121.76,5.08,4.71,1278,1086
21200,0.039,-1.028,0.036,-0.916,0.169,-0.194,-89.92,-0.67,-71.19,0.018,0.23,-0.95,-0.128,0.041,-0.061,165.08,-0.7,122.86,5.97,4.63,310,111
21300,0.006,-0.901,-0.04,-0.482,-0.788,0.218,-91.99,-1.95,-68.9,-0.101,0.251,-1.067,-0.541,0.665,0,164.15,-0.77,123.55,5.9,4.53,122,126
21400,0.205,-0.904,0.081,-0.03,-3.485,-0.323,-92.29,-2.81,-61.98,-0.303,0.386,-0.92,1.243,0.825,-4.07,167.05,7.17,140.25,5.87,4.47,121,125
21500,0.218,-0.973,0.113,-0.054,-4.259,-0.804,-91.71,-9.23,-40.72,-0.166,0.352,-0.818,0.95,0.627,-4.382,169.62,8.49,160.91,5.97,4.95,121,130
21600,0.148,-1.028,0.097,0.319,-4.704,-0.893,-90.66,-11.65,-27.04,-0.19,0.504,-0.965,0.575,0.346,-4.938,171.33,12.53,-168.02,5.25,4.43,124,125
21700,0.11,-0.983,-0.039,0.57,-4.382,-0.936,-90.22,-13.02,-9.98,0.026,0.484,-0.954,0.418,0.167,-4.555,171.76,10.81,-148.41,4.9,4.6,125,124
21800,0,-1,0.014,0.336,-2.946,-0.726,-89.88,-11.97,-2.49,0.131,0.461,-0.941,0.083,0.014,-2.872,168.87,4.56,-126.02,4.47,4.6,123,138
21900,-0.152,-0.916,0.015,0.383,-1.414,-0.21,-88.14,-5.57,-0.41,0.056,0.482,-0.814,-0.104,-0.061,-1.75,164.01,2.12,-117.09,4.37,4.21,121,121
22000,0.105,-1.493,-0.491,0.666,-0.859,0.272,-84.42,-1.46,-2.42,0.11,0.115,-1.028,-0.389,0.469,0.118,157.86,-3,-111.79,4.2,4.31,529,1699
22100,0.065,-0.988,0.058,0.549,-0.273,0.295,-86.22,-1.84,-6.79,0.003,0.191,-1.007,-0.18,-0.077,0.018,160.36,-2,-112,3.78,4.11,1012,3134
22200,0.041,-0.986,0.076,0.468,0.028,0.351,-83.3,-0.12,-8.32,0,0.197,-0.986,-0.043,-0.012,0.019,165.14,-0.02,-112.03,2.61,5.38,1594,1978
22300,0.011,-0.988,0.115,0.202,0.145,0.23,-81.98,0.84,-8.45,0.004,0.199,-0.98,-0.083,-0.055,0.019,165.93,0.4,-111.93,2.68,6.46,1847,1662
22400,-0.005,-0.986,0.131,0.011,0.184,0.324,-81.63,1.71,-8.55,-0.008,0.208,-0.983,-0.04,-0.03,0.017,166.52,1.02,-111.78,4.15,7.31,2238,1071
22500,-0.054,-0.997,0.117,-0.076,0.233,0.508,-82.16,4.15,-8.86,-0.012,0.208,-0.976,-0.063,-0.052,0.022,166.68,1.23,-111.75,5.48,6.97,2527,183
22600,-0.109,-0.987,0.125,-0.01,0.236,0.625,-82.62,6.63,-9.42,-0.015,0.218,-0.978,-0.101,-0.09,0,166.56,1.68,-111.73,8.36,7.22,2516,99
22700,-0.154,-1.052,0.046,-0.896,0.131,0.739,-86.25,10.39,-10.07,-0.015,0.224,-0.971,-0.036,-0.109,-0.093,166.47,2.04,-111.53,8.94,7.36,2175,123
22800,-0.147,-1.159,0.026,-1.154,0.046,0.703,-91.12,12.52,-10.23,-0.053,0.227,-0.968,-0.304,-0.119,-0.139,165.96,2.98,-110.47,8.89,9.26,122,129
22900,-0.063,-1.148,0.115,-0.464,0.443,1.762,-90.55,15.15,-9.14,-0.089,0.195,-0.981,-1.025,-0.295,-0.049,163.7,4.24,-110.28,8.94,9.39,119,126
23000,-0.313,-1.027,0.19,-0.051,0.691,2.076,-90.33,22.83,-10.47,-0.213,-0.264,-1.848,-6.153,0.951,2.337,142.8,-1.76,-114.43,9.02,9.36,120,125
23100,0.308,-0.583,-0.001,0.076,-0.698,-1.513,-89.6,1.95,-12.93,-0.379,-0.335,-0.962,1.683,-0.148,-0.159,156.03,2.72,-115.8,8.93,9.01,68,126
23200,-0.084,-1.301,-0.069,0.182,-0.286,-3.323,-90.42,-18.09,-11.25,-0.19,0.493,-1.148,3.296,-0.423,-0.444,-175.1,6.42,-111.8,8.81,8.46,127,125
23300,-0.101,-1.23,-0.092,0.263,-0.517,-2.763,-90.1,-23.3,-9.67,0.091,0.455,-1.231,2.569,-0.863,-0.96,-172.22,7.56,-108.78,8.79,7.59,130,63
23400,-0.134,-1.131,-0.044,0.132,-0.46,-2.094,-90.71,-22.77,-9.04,-0.155,0.485,-0.913,1.502,-0.397,-0.829,-175.06,6.84,-104.45,8.26,6.86,125,126
23500,-0.457,-0.971,0.171,0.311,-0.931,0.338,-89,-12.07,-6.84,-0.001,0.821,-0.486,-0.021,-0.117,-1.025,172.69,7.84,-101.72,7.34,7.11,120,123
23600,0.231,-1.089,0.057,0.418,-1.525,1.322,-88.14,-10.72,-6.38,0.3,0.253,-1.488,-2.6,0.117,0.124,156.94,-0.93,-98.75,3.94,6.97,171,2922
23700,0.093,-1.025,0.201,0.021,0.694,1.339,-85.65,-3.46,-6.23,-0.095,0.191,-1.177,-1.762,-0.025,0.148,154.3,2.01,-99.08,4.46,11.11,122,4088
23800,0.069,-1.007,-0.044,0.28,-0.649,1.228,-85.23,-1.72,-4.69,0.06,0.183,-1.02,-0.813,0.021,0.109,156.93,-0.05,-98.07,4.47,9.56,1188,2476
23900,0.062,-0.99,0.085,0.404,0.059,0.54,-84,1.61,-4.26,0.006,0.224,-1.007,-0.178,-0.257,0,158.65,1.32,-98.03,17.63,9.85,3082,312
24000,0.064,-0.996,0.097,0.269,0.118,0.39,-83.02,1.32,-3.58,-0.016,0.215,-0.98,0,-0.073,0,162.43,2.73,-97.46,17.59,10.01,4081,132
24100,0.007,-1.002,0.13,0.107,0.189,0.626,-81.94,2.48,-3.08,-0.018,0.212,-0.982,0.051,-0.025,0.023,164.31,2.94,-97.02,18,11.52,4082,135
24200,-0.092,-1.024,0.117,-0.024,0.286,0.996,-82.54,7.86,-3.14,-0.023,0.211,-0.983,-0.072,0,-0.09,166.52,3.18,-95.44,18.06,12.48,3619,123
24300,-0.134,-1.169,0.034,-0.256,0.487,1.433,-84.47,14.44,-3.85,-0.02,0.211,-0.98,-0.233,0,-0.105,166.36,3.12,-94.53,18.06,12.86,1737,108
24400,-0.042,-1.189,-0.022,-0.054,1.087,2.262,-89.53,17.61,-7.59,0.025,0.148,-1.087,-3.137,-1.059,0.639,161.18,4.05,-95.18,18.04,12.81,124,124
24500,0.417,-0.659,0.142,0,0.869,0.656,-84.59,22.42,-5.86,-0.345,-0.534,-1.967,-6.973,-2.095,-0.09,143.07,10.98,-99.77,18.04,12.73,126,124
24600,0.24,-0.58,-0.011,-0.406,1.095,-1.161,-85.62,7.01,-8.86,-0.223,0.052,-1.212,2.828,0.872,1.592,163.21,4.83,-101.65,18,12.73,124,126
24700,-0.096,-1.199,-0.114,0.126,0.109,-3.277,-90.87,-10.52,-11.7,-0.305,0.348,-1.106,3.543,0.118,0.463,177.27,6.47,-104.13,17.62,9.28,124,126
24800,-0.175,-1.328,0.005,0.137,-0.462,-3.29,-91.07,-17.93,-9.99,-0.096,0.532,-1.279,2.966,-0.445,-0.643,-174.26,8.62,-103.42,17.63,9.28,124,125
24900,-0.216,-1.212,0.032,0.285,-0.327,-2.633,-89.08,-21.75,-8.5,-0.036,0.541,-1.081,2.305,-0.749,-0.684,-173.12,9.86,-101.63,4.42,8.84,122,126
25000,-0.224,-1.101,-0.054,0.045,-0.143,-1.78,-89.61,-19.92,-8.7,0.055,0.602,-0.716,1.084,-0.185,-0.312,179.88,7.42,-101.12,4.55,8.68,125,125
25100,-0.383,-1.148,0.537,0.73,-0.863,1.099,-86.91,-4.84,-7.33,0.367,1.13,0.225,-2.142,1.136,-0.288,162.25,5,-101.01,2.53,7.03,128,143
25200,0.041,-1.175,0.175,0.398,-0.693,1.131,-84.41,-1.48,-6.11,0.002,0.166,-1.119,-0.436,0.749,0.085,154.53,0.5,-100.5,2.35,4.97,224,4087
25300,0.172,-0.981,0.027,0.515,0.08,0.837,-85.45,0.69,-5.61,0.035,0.168,-1.018,-0.384,0,0.027,158.62,-1.16,-99.8,3.02,4.59,812,3748
25400,0.134,-0.981,0.075,0.335,0.196,0.512,-84.06,0.22,-5.39,0.006,0.196,-0.986,-0.403,-0.205,0.024,161.74,0.76,-99.76,13.61,5.06,1419,2316
25500,0.057,-0.991,0.125,0.461,0.169,0.757,-81.6,1,-4.65,-0.01,0.221,-0.988,-0.166,-0.15,0.024,162.72,1.87,-99.72,13.63,8.51,3155,239
25600,-0.005,-0.996,0.171,0.203,0.216,0.674,-80.25,3.1,-4.07,-0.015,0.223,-0.98,0.041,-0.033,0.028,164.42,2.54,-99.45,16.98,9.23,4083,122
25700,-0.034,-1.044,0.137,-0.27,0.352,0.909,-81.45,6.14,-3.79,-0.017,0.212,-0.982,0.063,-0.084,-0.038,165.74,2.79,-99.12,19.74,10.56,4085,123
25800,-0.153,-1.079,0.122,-0.394,0.486,1.263,-84.05,10.07,-4.11,-0.032,0.221,-0.982,-0.167,-0.018,-0.107,166.15,3.33,-98.06,19.86,11.56,3083,122
25900,0.172,-1.431,-0.148,-0.463,1.135,2.179,-87.78,15.89,-6.37,-0.052,0.208,-0.973,-0.62,-0.139,-0.05,165.25,3.76,-97.3,19.89,11.57,120,123
26000,-0.249,-1.355,0.196,0.267,0.027,2.639,-88.11,22.11,-7.07,-0.013,-0.037,-1.62,-8.46,-0.563,-0.098,146.43,5.67,-98.67,19.87,11.74,125,124
26100,0.33,-0.445,0.115,-0.466,-0.034,-0.688,-83.94,9.77,-5.97,0.261,-0.223,-0.96,1.336,0.161,0.697,145.74,5.33,-98.31,19.87,11.48,118,150
26200,-0.183,-1.209,-0.027,-0.208,0.135,-3.382,-90.82,-10.72,-9.4,-0.208,0.602,-1.124,3.649,0.116,0.274,179.83,3.78,-102.08,19.83,11.51,132,196
26300,-0.177,-1.323,0.017,0.248,-0.224,-3.134,-89.16,-19.65,-10.37,-0.205,0.555,-1.244,3.081,-0.673,-0.402,-175.31,6.94,-102.78,19.76,11.25,124,125
26400,-0.13,-1.26,0.013,0.296,-0.239,-2.508,-87.85,-21.99,-10.84,0.048,0.519,-1.162,1.862,-0.575,-0.25,-175.08,6.17,-101.98,14.69,11.19,126,126
26500,-0.375,-1.014,-0.006,0.234,-0.997,-0.592,-89.18,-15.88,-9.61,-0.046,0.652,-0.731,0.954,-0.281,-0.893,179.1,7.34,-100.85,14.87,8.76,121,129
26600,1.233,-1.253,-0.862,0,0.807,1.205,-88.92,-4.64,-9.45,0.315,0.021,-1.087,-3.883,0.046,0.08,156.56,-1.75,-99.13,10.9,7.92,121,2679
26700,0.129,-1.163,0.18,0.499,-0.495,1.4,-83.81,-0.97,-9.26,-0.182,0.196,-1.235,-1.979,-0.2,0.185,152.7,1.98,-100.58,4.62,5.86,125,4088
26800,0.248,-0.982,0.042,0.283,0,1.071,-84.98,0.87,-8.97,0.01,0.149,-1.055,-0.108,0.464,0.039,157.92,0.22,-99.37,6.24,3.56,567,3691
26900,0.103,-1.002,0.004,0.186,0.041,0.656,-85.3,0.4,-7.11,0.013,0.118,-0.972,-0.322,0.269,0.076,160.74,-0.56,-98.99,7.36,3.61,1581,2255
27000,0.048,-1.007,0.055,0.543,0.124,0.779,-83.92,1.67,-6.83,0,0.242,-1.013,-0.388,-0.226,0.018,161.28,0.47,-99.2,7.36,6.08,2748,421
27100,-0.019,-0.994,0.14,0.292,0.161,0.634,-81.35,4.43,-5.83,-0.011,0.237,-0.984,-0.035,-0.058,0.024,162.41,1.35,-99.24,7.38,6.56,3922,174
27200,-0.104,-1.022,0.089,-0.499,0.141,1.002,-83.65,8.92,-5.5,-0.024,0.221,-0.989,-0.068,-0.043,-0.108,165.65,2.24,-98.44,10.14,6.44,3211,127
27300,-0.122,-1.166,0.016,-0.282,0.415,1.424,-85.04,14.45,-6.54,-0.028,0.227,-0.983,-0.288,-0.044,-0.076,165.47,2.5,-97.86,10.68,7.29,1021,124
27400,-0.141,-1.276,0.053,0.033,0.73,2.559,-88.91,17.62,-9.2,-0.017,0.181,-1.246,-4.57,-0.82,0.455,159.29,3.68,-98.77,10.84,7.48,123,125
27500,0.435,-0.494,0.094,0.074,0.733,0.286,-85.45,20.58,-7.78,-0.262,0.447,-2.61,-6.677,-1.001,-0.067,136.44,6.41,-100.01,10.55,8.01,123,126
27600,0.084,-0.631,-0.022,-0.718,0.82,-1.818,-87.09,2.06,-8.83,-0.358,0.162,-1.222,3.225,0.429,0.915,165.53,3.16,-101.68,10.67,8.2,121,124
27700,-0.162,-1.272,-0.099,-0.071,0.537,-3.514,-89.52,-14.44,-12.69,0.003,0.58,-1.135,4.057,-0.078,0.727,178.25,3.46,-103.88,10.52,8.28,114,128
27800,-0.144,-1.338,-0.041,0.24,-0.148,-3.236,-89.8,-20.56,-13.59,-0.258,0.518,-1.262,2.994,-0.545,-0.496,-174.51,7.38,-105.71,9.39,8.32,118,124
27900,-0.139,-1.182,-0.006,0.204,-0.426,-2.47,-89.76,-23.71,-11.62,0.128,0.518,-1.078,2.313,-0.613,-0.934,-173.29,7.44,-103.35,8.47,8.39,125,124
28000,-0.202,-1.066,-0.042,0.037,0.027,-1.524,-90.13,-20.95,-12.01,-0.015,0.582,-0.773,1.001,-0.147,-0.168,179.77,4.48,-102.87,8.41,6.47,128,125
28100,-0.278,-1.113,0.282,0.548,-0.514,1.249,-89.4,-11.35,-12.97,-0.088,0.682,0.024,-1.279,0.355,-0.323,164.21,4.31,-103.03,8.41,5.96,128,161
28200,0.009,-1.238,0.038,0.061,-0.242,1.295,-84.3,-0.85,-11.31,0.028,0.239,-1.209,-0.28,0.65,0.077,155.58,-0.09,-102.14,5.37,5.95,123,4088
28300,0.042,-1.021,0.002,0.173,-0.015,0.774,-84.88,-0.36,-11.66,0.054,0.133,-1.048,-0.243,0.378,0.058,160.73,-2.17,-101.66,5.17,6.14,1090,2869
28400,0.111,-0.997,0.049,0.314,0.117,0.657,-84.87,0.38,-10.57,0.024,0.183,-0.985,-0.632,-0.191,0.043,162.65,-1.39,-101.96,4.68,6.59,2002,1229
28500,0.017,-0.993,0.117,0.417,0.165,0.911,-82.9,1.65,-9.92,0.002,0.227,-0.992,-0.175,-0.169,0.031,162.73,-0.04,-102.32,10.28,6.02,3254,132
28600,-0.033,-1.005,0.113,0.113,0.249,0.707,-81.14,5.48,-8.48,-0.001,0.217,-0.972,0.031,-0.061,0.019,164.48,0.84,-102.45,11.96,10.27,3835,123
28700,-0.109,-1.021,0.083,-0.629,0.236,1.022,-82.79,7.56,-8.31,-0.011,0.217,-0.983,0.043,-0.107,-0.073,165.71,1.32,-102.3,11.96,12.17,3279,123
28800,-0.199,-1.12,0.093,0.951,0.695,1.029,-85.98,12.71,-9.21,-0.023,0.219,-0.985,-0.162,-0.026,-0.086,166.15,2.01,-101.58,12.11,12.3,2332,121
28900,0.12,-1.349,0.043,-0.204,0.867,2.211,-87.48,15.82,-10.14,-0.045,0.191,-0.969,-1.012,-0.357,0.021,164.93,2.68,-101.34,12.16,12.24,125,124
29000,-0.415,-0.864,0.1,0,-0.393,2.253,-86,24.82,-8.63,0.13,-0.541,-2.188,-8.405,-0.763,-0.215,140.19,3.84,-102.4,12.19,12.24,120,124
29100,0.084,-0.613,0.107,-0.866,0.168,-1.7,-85.08,11.48,-9.45,0.04,-0.117,-0.938,2.13,0.349,0.537,156.06,4.82,-102.7,12.21,12.39,126,125
29200,-0.191,-1.284,-0.115,0.171,0.068,-3.444,-89.58,-15.49,-14.55,-0.068,0.569,-1.173,3.438,-0.396,-0.168,-176.84,6.31,-108.42,11.95,12.39,119,123
29300,-0.139,-1.275,-0.068,0.231,-0.532,-2.945,-90.22,-20.67,-14.34,-0.079,0.533,-1.216,2.931,-0.496,-0.681,-173.29,6.86,-107.85,11.52,11.79,123,123
29400,-0.166,-1.172,0.028,0.189,-0.449,-2.199,-90.12,-22.51,-12.84,0.02,0.531,-0.925,1.635,-0.4,-0.514,-175.13,5.17,-105.08,11.56,11.31,123,126
29500,-0.3,-0.938,0.052,0.223,-0.014,0.285,-88.67,-16.38,-14.93,-0.064,0.679,-0.618,0.208,-0.165,0.084,174.02,3.77,-105.63,7.1,11.31,121,124
29600,0.285,-1.078,0.003,0.366,-1.379,1.473,-89.62,-6.99,-15.3,0.533,0.522,-1.835,-3.296,0.07,-0.14,157.23,-0.86,-104.52,3.46,7.58,120,2908
29700,0.04,-1.244,-0.053,-0.184,-0.22,1.304,-84.74,-1.99,-13.82,-0.25,0.302,-1.593,-2.259,1.019,-0.07,153.52,-0.61,-103.9,3.74,4.64,131,4086
29800,0.192,-1.014,-0.009,0.176,-0.423,1.001,-85.42,0.54,-12.82,0.084,0.245,-1.044,-0.38,0.084,0.134,156.5,-6.06,-102.61,6.27,9.46,993,2797
29900,0.066,-0.984,0.065,0.319,0.193,0.759,-85.46,1.88,-12.78,0.062,0.214,-1.01,0,-0.193,0.064,159.96,-4.78,-103.59,6.15,9.5,1534,952
30000,0.047,-0.999,0.096,0.359,0.227,0.854,-83.84,3.31,-12.41,0.037,0.203,-0.984,-0.153,-0.296,0,163.56,-2.72,-104.49,18.72,10.9,2113,137
30100,-0.032,-1.04,0.063,-0.218,0.308,0.818,-83.62,5.45,-11.73,0.019,0.208,-0.971,-0.095,-0.257,-0.038,164.52,-1.22,-104.86,19.84,10.74,3070,203
30200,-0.14,-1.046,-0.037,0.059,0.279,1.156,-88.39,12.2,-12.1,-0.024,0.212,-0.988,-0.188,-0.041,-0.088,166.31,1.15,-104.27,19.88,10.73,1943,120
30300,0.073,-1.473,-0.293,-0.058,0.477,2.044,-89.36,15.61,-12.64,-0.062,0.17,-0.956,-1.103,-0.469,0.125,164.75,2.2,-104.5,19.9,10.81,136,125
30400,-0.119,-0.74,0.169,0.205,0.514,1.936,-86.65,24.54,-11.26,-0.573,0.25,-2.748,-6.605,-0.614,0.492,140.28,2.66,-107.88,20.04,10.84,126,126
30500,0.215,-0.473,0.162,-0.346,-0.197,-0.865,-82.82,7.69,-11.48,0.062,-0.1,-1.062,1.72,0.354,0.881,157.66,1.8,-108.44,20.06,10.8,122,125
30600,0,-1.017,-0.019,0.15,0.205,-3.044,-87.57,-10,-14.85,0.084,0.385,-1.211,3.544,-0.311,0.295,179.27,4.39,-110.44,20.02,10.76,124,174
30700,-0.066,-1.286,-0.109,0.151,-0.318,-3.435,-88.94,-18.95,-14.6,-0.357,0.41,-1.215,3.225,-0.443,-0.629,-173.24,7.42,-110.37,19.97,10.45,154,124
30800,-0.137,-1.324,0.024,0.232,-0.981,-2.986,-88.36,-26.49,-10.86,0.135,0.52,-1.152,2.518,-0.568,-1.019,-169.01,7.86,-104.74,19.24,6.07,121,106
30900,-0.178,-1.138,-0.105,0.07,0.316,-1.996,-88.57,-24.96,-11.89,0.208,0.502,-0.836,1.559,-0.449,0.158,-173.02,3.51,-104.21,19.23,6,141,124
31000,-0.34,-0.973,-0.091,0.139,-0.645,0.197,-91.27,-12.12,-13.25,0.076,0.663,-0.68,-0.253,0.509,-0.626,170.45,3.29,-104.95,7.56,2.68,130,123
31100,1.267,-1.176,-0.728,-0.311,0.994,0.875,-89.51,-8.08,-14.26,-0.075,0.268,-1.848,-3.58,0.125,-0.161,161.76,-0.64,-105,3.67,2.68,125,3126
31200,0.334,-0.922,0.089,0.083,0.051,1.157,-85.18,-2.67,-14.96,-0.059,0.134,-1.007,-0.256,0.297,0.122,158.57,2.51,-106.62,3.58,3.69,125,3652
31300,0.125,-0.996,0.019,0,0.062,0.795,-85.4,-1.79,-13.09,-0.027,0.121,-1.017,-0.127,0.172,0.067,164.19,1.09,-106.57,9.5,4.29,1084,2342
31400,0.152,-0.987,0.068,0.205,0.045,0.703,-85.22,-1.22,-12,-0.048,0.234,-1.047,-0.823,0.086,0.064,165.54,1.16,-106.41,9.42,5.18,2758,515
31500,0.035,-0.994,0.078,0.239,0.07,0.737,-84.61,0.94,-11.19,-0.025,0.224,-1,-0.056,0.19,0.118,164.31,0.86,-106.52,9.39,5.32,3960,219
31600,-0.02,-1.048,0.05,-0.186,0.278,0.948,-85.53,5.43,-11,-0.011,0.204,-0.983,0.122,-0.038,0.049,165.53,0.49,-106.74,9.81,5.62,4082,126
31700,-0.056,-1.063,0.02,-0.075,0.401,1.102,-86.05,8.12,-11.33,-0.012,0.202,-0.991,-0.132,-0.075,-0.068,166.92,1.12,-106.7,10.96,11.79,3868,125
31800,-0.274,-1.149,0.056,-0.014,0.177,1.485,-86.76,14.97,-11.68,-0.033,0.224,-0.972,-0.514,-0.11,-0.096,166.22,1.48,-106.18,10.98,11.81,2157,130
31900,0.083,-1.321,0.049,-0.103,0.655,2.216,-88.73,17.39,-13.63,0.039,0.095,-1.086,-2.768,-0.532,0.16,161.85,2.68,-106.31,10.98,11.87,120,125
32000,0.393,-0.618,0.114,0.141,0.818,0.934,-85.07,25.43,-9.58,-0.14,-0.003,-1.918,0.011,-0.699,0.722,141.35,3.06,-105.56,11.01,11.97,125,125
32100,0.216,-0.666,-0.009,-0.66,0.378,-1.751,-85.6,4.17,-12.24,0.022,0.111,-1.225,2.934,0.266,1.433,161.77,1.95,-110.13,11,12.07,126,123
32200,-0.127,-1.372,-0.07,0.271,-0.125,-3.477,-91.13,-21.37,-17.23,-0.161,0.532,-1.228,3.214,-0.545,-0.38,-175.77,4.64,-115.14,10.96,11.95,122,128
32300,-0.125,-1.312,-0.009,0.291,-0.625,-3.118,-90.25,-25.25,-16.6,0.009,0.538,-1.115,2.579,-0.602,-0.824,-171.59,6.91,-113.43,6.53,11.69,123,124
32400,-0.274,-1.091,-0.006,0.109,-0.278,-1.744,-89.58,-23.05,-18.38,-0.062,0.684,-0.72,1.379,-0.366,-0.492,-173.55,5.28,-112.66,6.22,11.27,126,124
32500,-0.445,-0.923,0.055,0.291,-0.758,0.373,-89.13,-11.42,-19.9,-0.058,0.794,-0.624,-0.47,0.013,-0.671,170.72,4.48,-112.1,6.28,11.55,122,162
32600,0.083,-1.241,-0.25,0.53,0.307,1.625,-89.88,-3.25,-19.32,-0.244,0.122,-1.147,-2.29,-0.393,-0.05,162.03,-3.91,-110.52,5.63,11.36,121,4003
32700,0.093,-1.224,0.094,-0.248,-0.452,1.424,-83.61,-2.03,-20.36,-0.041,0.4,-1.426,-0.994,0.738,0.082,155.94,-1.9,-111.37,3.11,4.49,117,4087
32800,0.041,-1.011,0.019,0.223,-0.011,0.858,-85.29,0.63,-19.55,0.061,0.181,-1.055,-0.063,0.133,0.085,160.03,-5.13,-111.58,5.91,4.92,1174,2834
32900,0.102,-0.984,0.061,0.299,0,0.576,-85,0.59,-19.12,0.03,0.176,-0.984,-0.264,-0.128,0.069,163.94,-4.89,-112.76,6.2,10.05,2241,925
33000,0.055,-1.013,0.091,0.25,0.14,0.798,-84.1,1.58,-17.78,0,0.209,-0.989,-0.074,-0.196,0.013,164.71,-3.18,-113.54,6.46,9.93,3512,125
33100,-0.02,-1.008,0.079,0.03,0.216,0.953,-83.48,4.39,-17.01,-0.004,0.208,-0.987,0.037,-0.039,0.034,166.34,-1.63,-114.34,6.45,10.21,4085,126
33200,-0.196,-1.011,0.028,0.376,0.166,1.217,-84.48,12.65,-16.4,-0.016,0.214,-0.991,-0.25,-0.025,-0.103,167.67,-0.55,-114.62,6.81,14.47,3886,148
33300,-0.092,-1.322,-0.208,0.066,0.452,1.74,-85.46,16.76,-15.95,-0.043,0.194,-0.969,-0.84,-0.262,-0.028,165.97,0.25,-114.51,6.86,14.5,110,125
33400,-0.37,-1.133,0.252,0.288,-1.054,2.413,-85.84,23.93,-14.69,-0.006,0.136,-1.488,-9.424,-2.152,-0.321,157.81,2.25,-115.84,6.83,14.5,122,124
33500,0.439,-0.456,0.09,-0.304,1.201,-0.116,-83.35,20.78,-13.36,-0.073,-0.137,-0.767,1.87,0.468,1.315,150.18,4.14,-118.52,6.71,14.25,123,127
33600,0,-0.761,-0.123,-0.033,0.577,-2.791,-90.68,-2.07,-18.58,-0.247,0.421,-1.038,3.689,0.19,0.572,165.87,3.26,-120.17,6.75,14.24,120,124
33700,-0.231,-1.207,-0.002,-0.044,0.274,-3.547,-91.74,-11.6,-18.92,-0.087,0.7,-1.233,3.69,0.041,0.26,179.76,5.06,-121.71,6.48,14.24,120,125
33800,-0.187,-1.306,-0.028,0.272,-0.161,-3.155,-90.11,-19.89,-20.32,-0.195,0.558,-1.199,2.825,-0.755,-0.622,-176.78,7.76,-122.41,4.05,14.07,130,121
33900,-0.114,-1.197,-0.047,0.265,-0.494,-2.619,-89.7,-22.49,-18.95,0.004,0.46,-1.043,2.26,-0.539,-0.786,-174.66,9.87,-119.63,3.59,10.97,123,124
34000,-0.246,-0.997,-0.002,0.121,-0.532,-0.87,-90.88,-17.85,-17.13,0.122,0.617,-0.557,0.487,0.088,-0.3,-178.67,7.23,-118.08,2.85,10.97,120,125
34100,0.264,-1.071,0.312,0.9,-0.074,0.795,-88.02,-7.9,-17.45,-0.299,-0.521,-0.541,-2.747,0.602,0.147,162.87,-3.08,-118.2,2.92,11.25,124,1515
34200,0.305,-1.063,0.061,-0.121,0.409,1.26,-84.54,-5.33,-18.89,-0.05,0.253,-1.129,-0.813,0.926,0.128,156.23,0.91,-119.85,4.24,4.31,133,4085
34300,0.165,-1.006,-0.002,0.116,0.185,0.898,-85.75,-3.99,-17.35,0.083,0.221,-1.105,-0.58,0.256,0.176,158.44,-3.83,-119.13,4.06,4.49,1337,2600
34400,0.152,-0.984,0.062,0.089,0.198,0.32,-86.17,-3.78,-16.53,0.03,0.219,-0.986,-0.063,-0.067,0.023,159.94,-3.27,-119.39,4.02,4.49,1643,1646
34500,0.133,-0.976,0.042,0,0.051,0.156,-86.08,-4.66,-16.12,0.026,0.226,-0.986,-0.045,-0.059,0.025,162.72,-1.63,-119.43,4.45,4.79,1624,1028
34600,0.161,-0.992,0.075,-0.04,0.169,-0.015,-86.24,-6.04,-15.8,0.019,0.218,-0.98,0,0,0.018,163.99,-1.03,-119.26,4.53,4.83,1485,841
34700,0.155,-0.968,0.044,-0.137,0.188,-0.164,-86.91,-7.47,-15.84,0.024,0.221,-0.977,-0.025,0,0,165.18,-0.57,-118.91,4.79,4.98,982,186
34800,0.172,-1,0.025,0.019,-0.174,0.164,-87.25,-8.45,-15.27,0.025,0.224,-0.98,-0.018,-0.011,0.018,165.58,-0.39,-118.64,4.88,5.01,993,163
34900,0.146,-0.983,0.035,-0.076,0.023,-0.026,-87.67,-8.14,-14.9,0.021,0.225,-0.978,0,0,0,165.98,-0.31,-118.27,5.35,5.01,909,152
35000,0.146,-0.973,0.018,-0.058,-0.014,-0.051,-88.17,-8.72,-15.11,0.023,0.224,-0.978,0.01,0,0.01,166.19,-0.32,-118.05,5.78,5.76,860,247
35100,0.163,-0.979,0.014,-0.046,-0.019,-0.075,-88.43,-9.17,-15.26,0.024,0.222,-0.977,0,0,0.011,166.42,-0.32,-117.69,5.78,4.38,838,498
35200,0.167,-0.974,0.007,-0.041,0.039,-0.011,-88.93,-9.77,-15.71,0.025,0.22,-0.978,0,0,0.012,166.73,-0.45,-117.33,5.39,4.68,878,821
35300,0.169,-0.973,0.006,-0.021,0.034,-0.019,-89.12,-9.94,-15.81,0.024,0.22,-0.977,0,0,0.01,166.8,-0.48,-116.99,6.4,4.42,935,899
35400,0.172,-0.972,0.006,-0.017,0.015,-0.013,-89.16,-10.09,-15.99,0.023,0.22,-0.979,0,0,0,166.84,-0.49,-116.77,6.4,4.47,874,988
35500,0.171,-0.974,0.005,0,0,-0.013,-89.2,-10.21,-16.11,0.024,0.219,-0.978,0,0,0.01,166.93,-0.58,-116.53,6.32,4.35,859,1154
35600,0.177,-0.974,0.003,0,0.014,-0.017,-89.24,-10.31,-16.1,0.024,0.218,-0.979,0,0,0,166.98,-0.64,-116.4,6.47,4.31,886,1117
35700,0.181,-0.975,0.001,0,0.04,0,-89.26,-10.39,-16.23,0.024,0.217,-0.979,0,-0.011,0,167.05,-0.64,-116.15,6.4,5.01,974,1206
35800,0.186,-0.973,0.007,0,0.019,-0.017,-89.16,-10.51,-16.55,0.023,0.217,-0.978,0,0,0.01,167.1,-0.64,-115.99,6.53,5.22,1021,1284
35900,0.187,-0.971,0.009,0,0,-0.013,-89.17,-10.67,-16.52,0.023,0.217,-0.979,0,0,0.01,167.17,-0.72,-115.81,6.21,5.22,992,1256
36000,0.187,-0.973,0.003,0,0,-0.046,-89.24,-10.79,-16.34,0.024,0.218,-0.98,0,0,0,167.2,-0.75,-115.66,5.81,4.47,934,1250
36100,0.186,-0.97,0.003,-0.04,0.025,-0.095,-89.35,-11.08,-16.4,0.023,0.216,-0.98,0.014,0,0,167.28,-0.81,-115.48,5.99,4.44,784,1375
